text,sentiment_score,clarity,sent_richness,relevance_score
jerzees long sleeve tee fantastic wardrobe staple cotton blend fabric feel incredibly soft skin wicking away moisture providing upf protectionperfect active day layering cooler weather fit comfortable without baggy stitching hold well even multiple washesto prevent shrinking washed mine cold water hung dry stayed true size odor protection also nice bonus making ideal outdoor activity great quality reasonable pricehighly recommend grabbing,0.235714286,1,1,1
lb chest shoulder purchased xl plenty room layeringif youre similar build want form fit l might worki looking relatively inexpensive insulating layer keep truck case occasionshowever jacket become allaround go tovery light oz relatively warm pack size small neck pillowi take everywherecomparable name brand outdoor gear fraction pricequestion remains durability hold rigor daily usethe fact could buy four would typically gettime tell anything change ill update reviewsf rwb,0.053703704,1,0.985294118,0.994117647
pure champ pack boy sweatpants fantastic find jogger super soft cozy thanks fleece lining making perfect allday wear son love comfortable fit flexible waistband hold well activity sport practice lounging home quality impressivetheyre durable wash beautifully without fading shrinking plus getting three pair pack great value highly recommend parent looking stylish reliable activewear kid second time purchasing per specific request year old,0.338683473,1,0.983870968,0.993548387
ordered loved one face week bed couch rest following surgery great way avoid laundry especially someone recovering part time benefit would apply traveler underwear made thicker material expected sock little thin guy going moving around anyway mainly keep foot warm size larger men welcome youre super cheap could probably hand wash item quite time unusual price love able throw away,0.26953125,1,0.983333333,0.993333333
got pack tee brother he basically living ever since think he forgotten shirt exist theyre soft lightweight breathable perfect lounging working pretending productivethey shrink little washing plan grow rethink strategy best wash cold water air dry unless want surprise crop top material bit thin price complaintsoverall solid buycomfortable affordable brotherapproved would steal one probably,0.149537037,1,0.981481481,0.992592593
bought yogainspired golf pant yearold son theyve quickly become goto choice fabric lightweight stretchy unbelievably comfortableperfect casual wear polished look theyre versatile enough school sport lounging home plus hold well multiple wash must teen son love im already considering getting another pair different color highly recommend anyone value style comfort,0.027037037,1,0.98,0.992
shipping fast package nicely could tell wasnt used line great fit nice lost weight sure order large worked others said color muted pretty little long rinsed hung dry think work ok ill use stitch witchery hem nice top bit blue one stunning tuck jean got many compliment changed whole look,0.292637845,1,0.98,0.992
bought armour men tech shortsleeve tshirt son absolutely love fabric incredibly soft lightweight breathable making perfect everyday wear sport even workout moisturewicking technology keep cool dry especially great active day fit comfortable true size nice modern cut flatters without tight vneck style add bit sporty stylish touch shirt hold well several wash maintaining shape softness color stay vibrant quickly become one favorite goto shirt highly recommend tshirt anyone looking versatile highquality piece wardrobe,0.299071429,1,0.97260274,0.989041096
fabric soft breathable typically made cotton cottonblend make perfect casual semiformal occasion fit generally true size option slim regular relaxed cut ensuring there something everyone collar sturdy hold shape even multiple wash key feature longlasting poloone standout quality polo versatilityit pair well jean chino even short making great choice range setting work weekend outing color option also impressive classic modern shade available giving plenty room express personal style,0.234375,1,0.970588235,0.988235294
sweatpants perfect workout casual activity material soft lightweight breathable making incredibly comfortable running training lounging zipper pocket standout featuretheyre secure roomy enough hold key phone wallet without worry openbottom design give relaxed fit thats stylish practical highly durable true size pant musthave anyone looking versatile athletic wear absolutely worth,0.259166667,0.98,1,0.988
got little brother love material soft warm making great lounging working zipper pocket nice touchno losing key phone go fit modern slightly tapered look stylish without tightso far theyve held well washing shrinking fading price getting three pair steal definitely solid buy youre looking comfy versatile jogger highly recommend,0.257559524,0.98,1,0.988
recently purchased anrabess boho maxi dress early spring couldnt happier moment put knew going staple wardrobe fabric incredibly soft comfortable making perfect transitional day weather starting warm also received many compliment beautiful purple hueit truly stand vneck puff sleeve add touch elegance still keeping casual enough everyday wear overall dress delightful blend style comfort id definitely recommend anyone looking brighten spring collection,0.256666667,1,0.967741935,0.987096774
amazon essential chino pant exactly needed classicfit design comfortable sharp perfect wearing work casual outing wrinkleresistant fabric gamechangeri pull dryer wear right away without worrying ironingthe material feel sturdy isnt stiff theyve held well multiple wash especially like flatfront style give sleek modern lookfor price chino amazing deal great fit great comfort wrinkleswhat could ask highly recommend,0.253526786,1,0.964912281,0.985964912
fruit loom men tag free woven boxer short perfect allday comfort relaxed fit rightloose enough comfortable without feeling baggy moisturewicking fabric keep cool dry making ideal warmer day active weari also appreciate tagfree design eliminates irritation assorted color multipacks offer great variety quality topnotch holding well multiple washesif youre looking comfortable breathable boxer stay place highly recommend,0.329285714,1,0.964912281,0.985964912
couldnt happier brook ghost max moment put felt like cloud foot cushioning incredibleperfect long run casual walk fit true size wide toe box give foot plenty room without sacrificing supportthe energy return noticeable making step feel light effortless plus design sleek modern look good feel whether youre training race need allday comfort shoe game changer highly recommend,0.116,1,0.964912281,0.985964912
purchased black hoodie style casual color perfect morning walk trip gym doesnt absorb sun heat much quality excellent price reasonable match well another item brandthe hoodie provides good protection cold wind soft interior exterior ive washed time far without issue maintained true size fit first wash zipper function smoothly im pleasantly surprised overall quality product,0.208888889,1,0.963636364,0.985454545
balennz athletic short solid choice workout lounging casual wear theyre lightweight breathable quickdrying make perfect gym hot weather elastic waistband fit well pocket great addition carrying small essentialsthe reason im giving star instead material bit thinnot seethrough definitely lighter side youre looking something super durable might best price theyre great deal would still recommend,0.319444444,1,0.962962963,0.985185185
gosh designed american u older people hate low rider attracted multiple return mlnow xl based upon sweat pant normal fit finally got xlfit tight ok especially pull belly button kidney elastic certainly able expand expected measurement max width defined description noted spend extra get zipper long enough u men want extra high rise,0.041560847,1,0.962264151,0.98490566
absolutely love shirt design adorable even better person quickly become goto casual outing even lounging home material soft breathable feel highquality fit perfectlytrue sizeand flattering without tightive received many compliment whenever wear pair well jean legging short highly recommend anyone looking upgrade wardrobe something cute comfy stylish definitely new favorite shirt,0.294978355,1,0.960784314,0.984313725
recently purchased new balance men boxer brief pack im quite pleased overall fit great providing right amount support without feeling tight pouch design nice touch offering extra comfort throughout daythe fabric soft breathable perfect workout everyday wear also appreciate vibrant color packteam royal lead bolt add fun variety drawermy issue waistband could bit durable ive noticed stretching wash however price comfort think theyre solid choice would definitely recommend anyone looking comfortable boxer brief,0.215508658,1,0.95890411,0.983561644
hooded windproof waterresistant rain jacket absolute winnerthe quality material outstandingit feel durable yet comfortable offering great protection wind rainwhat truly set jacket apart thoughtful design come plenty pocket gamechanger today world longer carry house keyswe cell phone wallet ear bud sort essential jacket provides ample storage space allowing stay organized everything within easy reachnot practical also look great fit perfectly looking highquality windbreaker offer style functionality one gethighly recommended,0.473333333,1,0.956521739,0.982608696
bought real essential men dry fit short son quickly become favorite material lightweight breathable wick away sweat making perfect workout lounging everyday wearthe fit rightnot tight baggyand elastic waistband drawstring help stay place comfortably length also great hitting right knee good coverage without restricting movement plus multiple pair one pack great valuethey hold well wash fading shrinking stitching durable overall fantastic short anyone need comfortable moisturewicking activewear highly recommend,0.292086168,1,0.956521739,0.982608696
someone never find shoe thats true size let start saying fit perfectly dont even get started comfortable right box break required super lightweight stylish good traction wear work im foot day walking tile concrete asphalt never feel unsteady sure water resistant given mesh material im guessing much waterproof shoe initially wearing issue cant comment durability yet ive worn time based everything else people review would definitelyrecommend,0.401587302,1,0.954545455,0.981818182
absolutely love short theyve quickly become goto everything hitting gym lounging around material fantasticit dry super quickly perfect beach trip sweaty workout also really appreciate zipper secure pocket make much easier carry essential without worrying falling outthe fit perfectsnug need still comfortable enough move freely theyre lightweight yet durable tell theyll hold long time one thing note though sit pocket tend fall outside short huge deal something aware ofhonestly cant think anything else id change im already planning grab couple pair different color youre looking versatile highquality short,0.223809524,1,0.954545455,0.981818182
purchased trip italy wanted lot pocket zipper could believe quality money wore three pair course three week felt quite secure able carry wallet cell phone passport key cash comfortably securely bonus light weight wicked away moisture even hottest day light enough use swimsuit dried quickly access clothes dryer washing sink line drying breeze addition roll small take little space luggage great value money,0.216319444,1,0.952380952,0.980952381
brand come play quite nicely dress wardrobei wear nice dinner church eventsafter recently losing pound needed new slack fair price pointwith vendor able order precise waist size appropriate length avoid visiting local tailor x nice belt loop generous deep pocket plus pant bind anywherethey advertised stretch pleatsstretch give right place zero bindingpleats pleated front waist thigh hide cover areanow lost another ordering x,0.36017316,1,0.952380952,0.980952381
couldnt happier pack running shirt theyre lightweight breathable wick away sweat like dream whether im hitting gym running outdoors casual workout shirt keep cool comfortable fit spoton tight loose allow full range motion quality impressive price durable stitching fabric hold well multiple wash overall shirt unbeatable value youre looking affordable highperforming athletic top highly recommend giving try five star way,0.200375458,1,0.95,0.98
soft slightly stiffmy husband swears cotton boxer brief fit really well fabric breathable great mention dont feel soft used tomaybe material changed bit theyre uncomfortable little stiffer right package though might soften wash waistband stretchy without digging dont ride big plus annoying tag either thats always win color selection basic practical hopefully last long previous pack he well see,0.047934174,1,0.949152542,0.979661017
strange undies amazon provided sometimes return basic indicated something go far enough normal festiveseriously though along fotl natch really standard ordinary underwear judgesno tag scratchy inlay waistband smoothest comfortable cotton found anywhere big blue marblefit lovely true big boy anyway need kinda roomy also nicely snugordering godson review younger perspective update neededrecommended add little ordinary undies drawer todaycheers texasbilly,0.080147059,1,0.949152542,0.979661017
im really enjoyed tracksuits purchased xl top fit perfectly bottom big wear pulled high said think look great received compliment well didnt year tracksuit main issue terrible absolutely horrendous zipper quality across zipper exchange front right zipper stuck shut cut house key inside im careful fully close pocket avoid repeat overall like sub forty dollar set theyre hard beat,0.174714286,1,0.949152542,0.979661017
bought red one wear xmas time though wintery wanted simply loved teeter l depending cut bought l fit perfectly cant stress enough cute blouse great quality washed time gentle cycle cold water put dryer low heat wrinkle came hung hanger finish drying color still vibrant day received im going buy perfect spring cool summer night dress versatile,0.347435897,1,0.947368421,0.978947368
mier men workout running short fantastic anyone love stay active quickdry fabric lightweight breathable making ideal running intense workout appreciate inch inseam offer perfect balance coverage freedom movementthe pocket great addition providing enough space securely hold phone key im go fit comfortably without feeling restrictive allowing full range motion activityoverall highly recommend short comfort functionality stylish design,0.345686275,1,0.947368421,0.978947368
got size year old fit right think might outgrow pretty soon he always little wider seemed comfortable opposed diaper still using nap etc complaint white blue print navy pair lighter blue printed pair included pack specifically purchased character since love robot minimal shrinkage wash durable thick material especially given fact kid id say pretty good value money,0.124888393,1,0.947368421,0.978947368
say dress super flattering mean every sense word picture dress justice look similar body type picture buying online item hope help someone athletic build spanx neededthe material solid see bit stretch believe ordered small line amazon purchasesit came airtight bag steam get rid wrinkle didnt take long place harder others get outhurry put beauty cart,-0.054166667,1,0.945454545,0.978181818
dress perfect athletic activity casual outing square neckline short sleeve give flattering modern look builtin short add functionality comfort fabric soft breathable stretch right amount making great sport like tennis golfthe addition pocket thoughtful touch offering convenience without compromising style fit true size feel great throughout day highly recommend dress anyone looking blend fashion practicality,0.307362637,1,0.945454545,0.978181818
recently gifted granddaughter gerber baby girl pack footed pajama birthday loved softness price fantastic offering great value highquality item pajama incredibly soft gentle skin making perfect good night sleep design adorable material durable enough withstand multiple wash youre looking thoughtful practical gift little one footed pajama wonderful choice combine comfort quality affordability best possible way,0.44453125,1,0.945454545,0.978181818
really impressed men underwear fit perfect providing right amount support without feeling tight restrictive fabric soft breathable comfortable making ideal allday wear also hold well multiple wash maintaining shape elasticity appreciate waistband design stay place without digging skin whether im wearing everyday use workout provide great comfort support overall highquality reliable underwear would highly recommend,0.359010989,1,0.945454545,0.978181818
ive worn week several month top flirty feminine sleeve tailored neckline become one favorite look good paired jean casual pant pencil skirtfor reference ordered xxl tall bust waist hip top almost tunic length like wear tucked blouse new santing brand black golf skirt aline slight flare back hipthe fabric thin comfortable weight stitching good quality secure thread even stitching color faded top machine washed dried dozen time without drop qualitythis valuepriced winner,0.181439394,1,0.944444444,0.977777778
im absolutely thrilled purchase hanes comfortblend ecosmart hoodie dark eggplant size xlarge fit perfectly offering comfort style without bulky color rich held well multiple wash maintaining deep huewhat really set hoodie apart use recycled fiber fabric making guiltfree choice looking make ecofriendly purchase perfect weight cooler day chilly evening pullover design keep thing simple functionalwhether youre lounging home casual outing hoodie strike perfect balance warmth breathability definitely musthave wardrobehighly recommended quality sustainability,0.2375,1,0.944444444,0.977777778
reference lb month postpartum currently g due breastfeeding typically dd top generally wear medium large bottom wear anywhere hard verify something ttc opinioni first bought top larger size year ago loved style weight loss reordered medium ive found run bit big fit design great material doesnt hold well time develops odd marking arent visible others worn made hard resellso donated old one instead despite still cute versatile piece work casual outfit,0.155252101,1,0.943661972,0.977464789
recently purchased olidarua men casual short sleeve henley shirt couldnt happier choice fabric incredibly soft breathable making perfect casual outing relaxing home button detail add touch style pocket provides practicality without compromising overall lookthe fit true size allowing easy movement allday comfort ive received several compliment stylish design quickly become goto staple wardrobe whether paired short laidback day dressed chino shirt versatile enough occasion highly recommend anyone looking upgrade casual wear,0.104509804,1,0.943661972,0.977464789
best short ever owned fit great ordered size due elasticitystretch extremely comfortable regardless going lounging yard work great material plenty pocket storage bought pair every color available got rid stiff cotton jean short gotten age comfort everything good look also casual tee shirt dressy enough polo button wish made many color would purchase,0.297193878,1,0.943396226,0.977358491
love light airy waist pant tight stretched max wore day felt comfy degree temp yr old woman lb average build lot room waist shoulder upper arm area fit could move arm freely pull stretch fabric length hit ankle received kind compliment everyone loved way flowed highly recommend indian love clothes came perfect condition,0.312959184,1,0.943396226,0.977358491
pant made durable soft stretchy material perfect bigger guysthey true size u sizing anywayi bought work got damaged job precarious situation loved quality much order bunch may even buy pair coloryou nearly workout theyre elasticthe length perfect sits nicely butt many pant designed men junk trunk theyre always tough fit isnt tight part leg also baggy dont single negative thing say themhere measurement referenceweight lbsheight hip inseam important washing id stay away high heat notice color fade ive included side side photo new one old one exact product,0.252873737,1,0.943181818,0.977272727
one hit important point got one brown another son gravel top attribute super durable tough face fabric oz duck canvas fit much relaxed fit baggy compared carhartt product size extra fabric get way actual work use decent warmth comfort sherpa lining dont expect keep warm puffer useful chest pocket phone pen knife overall good design balance function style low attribute terrible heavy bulky hood tad big mmm nothing else noteworthy,0.133950617,1,0.942857143,0.977142857
pant unlined lightweight deep pocket drawstring elastic waist look feel much better jean especially heat great option want something nicer short almost cooli machine wash cold run half cycle dryer get rid wrinkle pull finish drying hanging avoid shrinkage linen run little long side wrinkle badly sitting buying another pair another color,-0.040416667,1,0.942307692,0.976923077
husband old leather bomber jacker wore whenever got really cold heavy carry anywhere impossible pack wasnt even sure wanted new coat one changed mind light yet incredibly warm roll small packing good almost circumstance doesnt look bulky somehow really job good anything going church shoveling snow like wear make happy whats like,0.186130536,1,0.942307692,0.976923077
got ultra performance fleece active tech jogger boyfriend absolutely love he always raving soft warm fleece lining especially colder day theyve become goto everything lounging home running errand adjustable waistband give perfect fit find super comfortable wear long periodshes particularly impressed zippered pocketsfinally jogger securely hold phone wallet without worrying falling several wash theyve held incredibly well fading pilling speaks great durabilitythe sleek modern design make versatile enough casual outing say theyre perfect pairing favorite hoodies tee youre looking gift thats practical stylish jogger fantastic choice,0.379545455,1,0.941860465,0.976744186
absolutely love prettygarden womens short sleeve casual tshirt fabric super soft lightweight comfortable making perfect allday wear nice relaxed fit without feeling boxy length right tucking leaving color option vibrant shirt hold well washing without fading shrinking stylish yet casual pair easily jean short skirt overall ideal staple piece wardrobehighly recommend,0.271708683,1,0.941176471,0.976470588
first whatever reason amazon thought would want large didnt listen got mediumthe fit neck shoulder chest great others noted arm bit snug im built like popeye forearm almost filled outthe biggest annoyance thing designed skinny armed giant tall slender arm dont hesitate five star youll love thesealas im going take lot tailor remove inch bottom longi imagine might charge five dollar shirt still decent value fit much better,0.363095238,1,0.941176471,0.976470588
ordered pair hoping size would work low expectation tried quite pleased waist length good although havent yet material seems enough stretch light medium weight hope comfortable warm day waist band two subtle rubberized band help shirt stay tucked something struggle question shadow narrow side pocket next right front pocket im sure might useful maybe ball marker wish little volume value look winner overall would easily recommend giving try,0.212388393,1,0.941176471,0.976470588
men collared shirt piece low expectation figured work could return little overweight around lb ordered xl fit perfectly overall maybe inch longer bottom would preferred standing little extra cover crack bend seems like good idea collar stiffness hold form well material soft feel nice touch color also nice would definitely order,0.184090909,1,0.941176471,0.976470588
quality leather construction womens cow leather belt evident soft yet durable feel promise longevity slim design perfect pairing pant dress adding touch elegance without overwhelming outfitthe gold buckle standout feature providing right amount shine elevates even casual look appreciate easy adjust ensuring comfortable fit every time wear whether im dressing night keeping casual day belt add polished finishing touch versatile piece enhances ensemble making worthwhile addition collection,0.22797619,1,0.940298507,0.976119403
impressed comfort quality considering price typically wear order despite recommendation size glad fit perfective hour far happy comfortable ive foot since slipped ive logged step according garmin watch super lightweight breathable headsup dont feel offer lot lateral stability casual wear wasnt really looking need stabilitythere high probability order pair soon,0.293333333,1,0.94,0.976
jacket look like cost lot feel like im aspen classy appears well constructed good zipper four deep pocket good cuff elasticsi didnt expect niceit filled polymer fill fine live atlanta wearing store gym walk dog weather plenty warm thatmy wife love think look great price right get white oneim happy,0.418364968,1,0.94,0.976
slimfit tshirt absolutely perfect fit like dreamsnug tight right amount stretch make comfortable day long cut super flattering give clean tailored lookthe fabric feel soft highquality hold well washing without shrinking losing shape whether dressed versatile enough occasionif youre looking slimfit tshirt fit perfectly look great one get highly recommend,0.358367347,1,0.94,0.976
picky hubby absolutely love gildan men underwear boxer multipack fabric soft breathable comfortable making perfect allday wear especially appreciates fit provide right amount room without loose tight waistband sturdy doesnt dig huge plus himthe multipack offer great value quality hold well multiple wash maintaining shape softness whether he lounging around active boxer keep comfortable overall theyre reliable affordable choice everyday wear safe say become staple wardrobe,0.246875673,1,0.939393939,0.975757576
dress absolutely stunning floral print vibrant yet elegant lightweight fabric make perfect season love smocked elastic waistits super flattering comfortable giving great shape without feeling restrictive vneck add touch femininity throw tank avoid showing cleavage church long sleeve make versatile cooler weatherive worn dress brunch church got many compliment true size fit beautifully quality excellent price highly recommend anyone looking stylish yet comfy boho vibe,0.494375,1,0.938461538,0.975384615
recently bought armour men ua sportstyle jogger theyve quickly become goto lounging home walking around neighborhood fit fantastic offering right amount comfort style material soft yet durable making perfect everyday wear plus look great always bonusone standout feature pocket zipper incredibly practical ensuring never lose wallet key im price jogger offer excellent value youre looking pair jogger combine functionality comfort style definitely worth considering,0.409157509,1,0.9375,0.975
quality fabric stitch work good however waist band good easily snag material causing fraying appear worn though say there plenty stretch itd nice waistband wider fly bit larger thatd nicewill buy maybe price right arent going last forever gildan generally make quality product hanes tshirts number brand gildan second favorite fol either long shorti never knew made underwear threw caution wind ordered themoverall quality,0.334920635,1,0.9375,0.975
shirt comfortable surprisingly warm using underlayers cold day particularly nice thin material allows layering without undue bulkiness also slick polyester make sliding arm sleeve outer clothing especially fleecelined one easier cotton tends get hung upthe onestar deduction sleeve long size although able mitigate deliberately shrinking wash hot water hightemp drying shortened sleeve manageable length without causing rest shirt become smalloverall good product reasonable price,0.1625,1,0.9375,0.975
purchased memoriesea womens vintage ruffle sleeve ruched bodycon dress wedding guest asked wear black fantastic choice fabric thick stretchy feel highquality giving elegant expensive appearance ruffle sleeve detail ruched design incredibly flattering especially hiding mom pooch lb size xl fit perfectly hugging right place without feeling tight uncomfortable received many compliment felt confident stylish entire evening highly recommend wedding work event special occasion,0.214312169,1,0.936507937,0.974603175
perfect blend trendy professionalheres love itchic lace detail lace accent neckline sleeve add elegant touch feminine classy without topsoft comfortable fabric soft breathable making comfortable wear day long right amount stretch flattering fitbusiness casual perfection blouse ideal office paired slack skirt great casual outing jean leggingstrue size fit exactly expected based size chart neither tight loosejust righteasy care held beautifully washing shrinking fading,0.305952381,1,0.936507937,0.974603175
classy comfortable breezy flattering fit really well accurate size ordered xxl safe side apparel item ive ordered amazon tend run little small probably couldve gone xl even l love placement button theyre stitched well enough dont foresee popping wash time soon thing dont like top front longer back im used way around super cute comfy top though good work casual wear,0.240931373,1,0.93442623,0.973770492
hovsiyla workout shirt exactly needed fitness routine material lightweight breathable dry quickly make perfect running gym session highintensity workout fit true size tight allowing plenty movement without feeling restrictivei also appreciate soft fabric feel skin doesnt cling sweat color vibrant quality outstanding price whether im lifting weight going jog shirt hold really wella great set workout shirt combine comfort performance style,0.321230159,1,0.93442623,0.973770492
zipper scar belly might wish one inch deeper crotch miss scar wearing belt quarter price pier pant vary sizing color im gon na gripe cut sewn straight hang nicely front hem brushing sport shoe dress shoe lace huge color selectionvariety useable men shirt hope theyll navydeep blue backinstock size soon btw sizing truetolabel maybe cm snug waistno complaint crotch binding getting car yeah excellent value tried upload photo made real camera meg site wont accept itsorry,0.3,1,0.934210526,0.973684211
wow didnt know expect someone who always worn adidas nike work pleasantly surprised quality price regular wide foot fit comfortably toe box nothing squeezed big using gym session outdoor walk couple month theyve held great foot feel fantastic nice arch support high arch like slide using back tab without unlacing white look super chic cute lightweight good support highly rec,0.267843137,1,0.933333333,0.973333333
fit tt topheavy ddd little pull bust snapped close honestly liked better unsnapped made little sexier revealing big complain uneven hem dress significantly longer one side somehow catch quickly tried option return removed tag washed prior wear used safety pin get night going take altered may even see slit front made little longer comfortable cute obvious quality control issue,0.167559524,1,0.93220339,0.972881356
recently purchased fruit loom men moisture wicking eversoft fleece sweatshirt couldnt happier choice fit absolutely perfectits true size allows comfortable movement without feeling loose restrictingwhat really set sweatshirt apart incredibly soft eversoft fleece make feel like youre wrapped cloud perfect chilly day lounging home also love moisturewicking feature keep comfortable dry whether working running errandsoverall sweatshirt combine comfort style functionality highly recommend anyone looking cozy addition wardrobe wont disappointed three color look great,0.165671192,1,0.931506849,0.97260274
son wore first day back loved said style made feel grown extra pocket plus happy child happy mother material doesnt feel cheap like itll rip anytime soon quality bonus since there week summer left bought one pair seems good enough overall extremely satisfied purchase arrived time day school began theyre versatile im considering buying another pair leisure golden,0.342307692,1,0.931034483,0.972413793
shopping online clothing opinion nightmare shop amazon much return aggravating concerned counterfeit expired product shopped various site athletic pant husband pant fit criterion cotton warm fleece winter comfort color waist band favorite feature slightly tightened ankle pocket smooth soft skin etc warm soft wash without pilling fit snug waistband content purchased two pairsi intend linedry thesenot taking chance,0.284848485,1,0.931034483,0.972413793
love nice shirt used casual andor business easily wear slack jean even short print super cute overall look great fit true size vneck without much cleavage showing great need work took star even though like material ok thin isnt big deal feel almost little plastic wont wrinkle easily seems fall nicely body even factor would still recommend,0.282236842,1,0.929824561,0.971929825
really excited get puma men rom sneaker look fantastic seem made highquality material shoe design stylish feel durableperfect casual wear light athletic activity cushioning well done comfortable insole would made excellent addition wardrobehowever issue sizing normally wear ordered size safe ended feeling way tight uncomfortable toe felt cramped trying bit realized werent going work sadly return themif size narrower foot think would great choice definitely keep mind might run bit small,0.173095238,1,0.929577465,0.971830986
husband big fan shirt fit well wonderful surprise find sizing chart thats accurate color consistent across material soft wrinkleresistantthey long enough tuck stay tucked perfect businesscasual dress code similarly sleeve long enough cover entire upperarm opposed lot modern polo stop midbicep favorite part accented rib collar sleeve small thing nice little personality otherwise generic garmentto cap theyre great value writing pack various color combo available price perfect office grunt cubicle dweller,0.26576087,1,0.929577465,0.971830986
absolutely love pack men quick dry long sleeve shirt theyre incredibly comfortable breathable perfect everyday wear intense gym session quickdry feature work like charm keeping cool dry matter activityi impressed bought another set quality fit fantastic hold great even multiple wash youre looking versatile reliable shirt musthave highly recommend,0.3225,0.98,0.959183673,0.971673469
quality solid sturdy fabric good stitching feel like theyll hold well time said sizing little tricky id recommend sizing waist since run bit small especially prefer comfortable fit flip side length tends generous sizing department might save extra hemming awkward bunching overall great jean price tweak size get spoton,0.114772727,0.98,0.959183673,0.971673469
lee men legendary slim straight jean new goto pair slim fit modern stylish without tight theyre incredibly comfortable allday wear material feel durable yet soft right amount stretch easy movement love versatile arethey work great casual outing dressing nice shirt quality impressive especially price hold well washing highly recommend jean anyone looking great fit timeless style,0.361841991,1,0.928571429,0.971428571
ignore dry skin ordered camel dark pink see side side pink meant house shoe honestly shade cute complement natural nail bed color wish id gotten pair pink old flip flop worn feel good supportive flat foot especially love arch support little bit height im getting overall theyre true size seem like theyll hold honestly ill happy even solid uhyear use since inexpensive dont feel kind break period definitely recommending others,0.191468254,1,0.928571429,0.971428571
love pocket placement ease sliding material soft butter attracts everything long haired cat soon took noticed jumped material really fast thats issue sooo stats ordering im weight ordered l got pulling nasty wrinkle showed menot pant id order every color ifi didnt cat could get slimmer leg weight would disappear autoimmune disease back go ill keep trying find right pair pocketed flare leg color combination allusive fittheses people good start,0.026190476,1,0.928571429,0.971428571
undies sock packaged sub packaged chuck luggage squeeze spare corner laptop carry gothe brief made thicker tho heavy fabric expected lightweight enough sink laundered pinch fly extra panel front well good width crotch area business appropriately supported ive ordered set unwearable many men larger womens panty relabeled sock fine walking lot double prevent blister fabric doesnt seem quite robustboth sock underwear disposable seem might survive one two round conventional laundryrecommended,0.162414966,1,0.928571429,0.971428571
recently purchased white dress church truly exceeded expectation dress fit perfectly exactly described true size flattering cut make feel confident comfortable throughout service quality outstanding fabric soft yet durable every detail craftsmanship speaks premium constructionwhat really impressed price great quality value unbeatable making ideal choice anyone need elegant church attire without breaking bankhighly recommended appreciate style comfort affordability dress quickly become goto sunday service im excited see else brand offer,0.427222222,1,0.928571429,0.971428571
originally ordered husband christmas size xl finicky clothes must look good also comfortable work regularly incredible arm happy dad bod normally wear xl tshirts swimming size returned large fit perfect company taking hint womens fashion come comfort fit ie material stretchy shirt slightly longer back better yet doesnt wrinkle shrink wash said comfortable light weight order,0.431507937,1,0.928571429,0.971428571
cap sleeve lace trim top perfect casual yet elegant summer look lightweight fabric feel great loose fit keep airy comfortable especially warmer daysthe vneck design lace trim add beautiful feminine touch elevates style versatile enough dress skirt jean relaxed day outoverall top fantastic blend comfort chic making goto summer outfit highly recommend easy stylish wardrobe upgrade,0.366650641,1,0.928571429,0.971428571
purchased onesies brand baby boy pack sleep n play footies three month ago im still impressed well theyve held fabric incredibly soft baby skin big factor choosing quality remained great several washesno fading pilling stretching fit comfortably snap closure make diaper change quick easy overall im really happy purchase would recommend footies parent great buy,0.422222222,1,0.927272727,0.970909091
jacket arrived day coldest day year far temp cold central florida got test last night early morning extremely warm warm goose marmot puffy also much puffier comfy feel like good quality especially like extra big zipper make easy zip unzip fleece lined collar im lb medium perfect fit happy purchase recommend live cold climate,0.214983165,1,0.925925926,0.97037037
blouse perfect fit style wool blend skirt kneehigh boot wasnt see fabric soft scratchy ruffle well made laid sweetly buttoned sleeve lends blouse classic look feel always worn either dressed turned casual appearance shall wash blouse cold water delicate hang dry blouse packaging simple blouse folded popped dryer couple min dewrinkle wear size large,0.069480519,1,0.925925926,0.97037037
absolutely love gerber gown set adorable beautiful color design really stood soft cotton feel perfect little one used gown newborn first month made diaper change much easier zipper button deal game changer especially late night change youre half asleep quality great super durable totally worth highly recommend new parent looking make life little easier,0.210446128,1,0.925925926,0.97037037
jean bad overall quality come expect leeswould buy againi think here first comfortable waistlength size true extremely lightweight hot climate like tx pant worn longer warm season regular full denim opposite side coin live cold climate steer away thesetwo thing bothered little bit one color traditional solid blue jean there hundred different lighter shaded blue strand woven throughout giving pant almost striped look second find baggy along rear calf butt back knee make mentioned comfortable real stylish pant might shrink bit washing havent done yet dont know thats going happenfor cost considered acceptable purchase,0.081472332,1,0.925531915,0.970212766
nice trouser way knee kid day would call skinny jean hug calf tightly could pull without help wife hipster id give starsupdate unfair initial twostar review pant nice quality adult son happy take hand done better research would realized tapered leg style yearold man bit stuck traditional idea concerning wardrobe seller kindly offered full refund based upon review accept customer service also top notch yearold love pant,0.297802198,1,0.925373134,0.970149254
fabric incredibly soft yet durable midweight material strike great balance breathable offering bit warmth making perfect season especially love xtemp technologyit truly help keep cool comfortable throughout day even warmer temperaturesthe fit great ordered size typically wear fit perfectlyneither tight loose polo nice clean look dressed depending occasion ive worn work casual outing even errand always look great color option fantastic hold well several wash shrinkage fading,0.360805861,1,0.925373134,0.970149254
thickness material good added warmth colder day fleece lining throughout cuff ankle nice fitting tight bothersome length perfect waist wider elastic tie string sewn middle sweatpants stay waist without tying even key wallet would tie anyway usually carry phone pocket dont jacket coat seam appear well seen zipper side pocket theyre deep nothing gon na fall good quality sweatpants price feel fortunate didnt run problem reviewer experienced,0.355952381,1,0.925373134,0.970149254
recently purchased automet womens lace short sleeve tshirt couldnt happier choice lace detailing add lovely touch elegance make perfect casual outing polished business settingsthe fit true size incredibly comfortable love fabric feel soft skin drape beautifully without clingy short sleeve right length making great option warmer weather still looking sophisticatedive worn top everything jean skirt always look fantastic plus wash well without losing shape color youre looking trendy yet versatile top transition day night highly recommend one become staple wardrobe,0.360300752,1,0.925,0.97
lot bang buck dress got xxl great fit im lb f even length perfect comfortable stretchy fabric good weight heavy substantial enough fall correctly flattering cut especially youre curvy got white colorful flower print may want wear slip least nude colored undergarment dress dark color show white part otherwise love dress getting variation,0.246428571,1,0.924528302,0.969811321
getting bit older hence bit fatter realized needed roomy fit jean looked levisbought themthe fit exactly id hoped would exactly baggy looser bootcut jean ive worn lifei like must always mention loss value longevity product day levi quite thin denim heavily washed company realizes drastically reduce lifespan itemand began thinner even processed denim one time thick durable fabric morethe ordinary retail price nearly seventy dollarsi might old admit get irritated constant cheapening clothing reduce usable life compel another purchase,0.043055556,1,0.924050633,0.969620253
shirt pleasantly surprised love ordering quality good worried thin see material cool comfortable silky bit itchy scratchy neckline perfect professional casual shirt meant loose flowy dont expect form fit looking shapely fit tuck front shown model reason took star length shirt forgiving small chest someone taller chestier probably wouldnt issue ordered small,0.176648352,1,0.923076923,0.969230769
week ago began using regular exercise since rapidly become goto pick whatever physical event may participating combination black green come compact twopack give gym attire splash color make training session little bit pleasurable soon put short first time believe quality cloth immediately stood even strenuous workout sprint gym able maintain comfort thanks quickdry material outstanding efficiency wicking away perspiration function able concentrate fully performance without continually modify outfit believe feature considerably lessens pain caused remaining wetness fiveinch length provides ideal combination movement coverage according manufacturer squat lunge two example exercise demand complete range motion enjoy short allow lot flexibility movement something crucial activity like additional benefit short made lightweight fabric guarantee weigh contribute easy joyful training experience,0.175219298,1,0.923076923,0.969230769
recently ordered polo ralph lauren men ribbed casual crew sock im really happy cotton material soft comfortable making great allday wear ribbed design help stay place without slipping heeltoe reinforcement ensures theyre durable longlastingtheyre stretchy tight providing perfect fit casual shoe sneaker overall sock great combination comfort style durability definitely solid purchase,0.215816327,1,0.923076923,0.969230769
skechers men expected avillo arrived much sooner expected packaging pristine shoe individually wrapped carefully packed ensure werent scuffed transitthese shoe beyond comfortable right amount cushioning support allday wear slipon design incredibly convenient neutral color make versatile enough pair almost outfit ive worn errand casual outing even long walksthey perform wonderfully every timei also appreciate quality material theyre durable yet breathable keep foot cool even warmer day goto shoe everyday comfort style highly recommend skechers anyone looking quality convenience,0.149714286,1,0.923076923,0.969230769
youngest son growing rapidly decided time surprise new set toddler boy boxer brief loved pack came set pair monday sunday solid colored one much fun teach spelling day help recognize letter well letting pick favorite design color year old right middle clothes true size fit perfectly love tagless tag print designed inside super soft stretchy comfortable perfect preschooler comfortable play various sport wrestling big brother running around playground love soft waistband doesnt put pressure waste wick moisture well cotton dont forget tumble dry low dryer case let air dry dont shrink several wash seem last couldnt happier purchase great job fruit loom designing toddler,0.234717069,1,0.923076923,0.969230769
im pleased blouse fabric soft breathable lightweight sheer making perfect casual work setting stitching overall construction solid hold well timethe fit flatteringrelaxed yet polishedand comfortable enough wear day also pair easily jean skirt dress pant making versatile addition wardrobethe quality definitely impressive price youre looking stylish comfortable blouse dress one great choice,0.335555556,1,0.923076923,0.969230769
amazon essential men slimfit pant fantastic choice anyone looking style comfort affordability price pant deliver exceptional value fit true size offering tailored modern look without tightthe quality impressive sturdy stitching durable fabric hold well regular wear washing plus variety color option make easy find pair match outfit occasionwhether casual outing polished setting pant strike perfect balance comfort sophistication highly recommended anyone looking elevate wardrobe budget,0.3425,1,0.923076923,0.969230769
worried would boy flap bottom average little average height yo lb xl barely fit fact fabric around underwear area kind smallish barely cover rump think lowrise jean opposed highwaisted jean arm hand even washing overly long fold couple time camo color really excellent comfortable enough kid love dont know called fleece lined arent long john material degree kid base layer like wear pant winter pjs,0.120192308,1,0.923076923,0.969230769
polo bit light tastepreferring heavier weight material wick moisture away body hot humid daysbut nicely designed well crafted professional pilot find shoulder pocket pen pencil come handy im inclined think shirt pocket may short many writing instrumentsthe polo cut somewhat small invariably wear medium shirt found brand little smaller expected fitting like body shirt advice buyer select size bigger usually purchased youll probably pleasantly surprised,0.150833333,1,0.923076923,0.969230769
cute summer dress could easily pair sandal necklace id say there plenty versatility dress im lb ordered size large fit perfectly hid imperfection fabric seemed like descent material major issue found came completely wrinkled major red flag along many review found biggest issue ended returning reason unfortunately dont think worth value money,0.256051587,1,0.923076923,0.969230769
lacoste men iconic fashion pack cotton stretch boxer brief fantastic find anyone seeking comfort style daily wear firstly comfort level boxer brief outstanding cotton stretch material provides soft snug fit without constrictive allowing freedom movement throughout day fabric breathes well making suitable season various activity whether day office workout sessionwhat make purchase even satisfying fact got sale finding highquality underwear discounted price always feel like win case certainly sweetened deal value money considering brand quality product excellent,0.347619048,1,0.922077922,0.968831169
im really impressed jacket super warm perfect cold weather ive worn several winter outing keep cozy without bulky fit greattrue sizeand love sleek modern design material feel durable zipper stitching high quality also appreciate functional pocket especially inside one phoneits heavy wear day without feeling weighed jacket also good job blocking wind rain huge plus overall great jacket winter definitely worth price highly recommend,0.292280702,1,0.921875,0.96875
pretty top summer polyesterrayonspandex material soft lightweight feel really good skin modest split v neckline show pretty necklace without exposing cleavage sleeve rolled secured buttoned tab button near hem add interesting detail shirt long enough wear legging worn jean nice skirt beautifully made wash wonderfully shrinkage loss color ordered usual size l happy fit top offered eleven different color ordered coral color absolutely beautiful,0.378947368,1,0.921875,0.96875
omg buy return two coat husband found one hard tell picture youre gon na get one amazing fit slimmer one quality better didnt wrinkle much even though folded bag lining great length good husband lb he tall slim light collar short enough lift warmth around neck super stylish overall amazing deal,0.338690476,1,0.921568627,0.968627451
love jean slim fit cowboy boot classic western look take try get perfect fit tho normally wear waist length pant brand lb ive ordered different size slims settled x perfect washing thats wear designed pulled finger bellybutton feel little tight pulling dryer also part design stretch fit like glove walk door,0.30421627,1,0.921568627,0.968627451
im really impressed g gradual men sweatpants zipper pocket theyve quickly become goto workout lounging even casual errandsfirst fit spot ontrue size perfectly tapered without tight restrictive lightweight material make super comfortable especially active day warmer weather still feel sturdy wellconstructedone standout feature zipper pocket theyre deep enough hold essential like phone wallet securely dont worry anything falling jog im go small detail make big difference especially athletic wearoverall pant strike great balance comfort style functionality youre looking athletic jogger modern fit practical design id highly recommend giving try,0.211571429,1,0.921348315,0.968539326
color pictured loved length stretchy material kinda heavy scuba thats way could describe great fit good price one done dress fabric picked easily wont able wear another night perfect dinner dance able move groove wanted without getting hot mean lot perimenopauses gal paid overall price id buy another night town,0.397569444,1,0.92,0.968
solid nononsense tshirt fabric definitely thicker average tee make feel durable also little warm youre wearing summer hold well wash though notice bit shrinking maybe size dont want snug fitthe cut little boxy dont mind stylish fit said great basic tshirt feel like itll last longer thinner one wear fast,0.164583333,1,0.92,0.968
great comfortable short bit thin bought pair july last year made till april year month noticing little tiny hole nothing one would notice sure due rough washing machine switched pair almost daily wear cant complain especially price heck local sporting good store asking double similar ordered pair liked much comfortable,0.14375,1,0.92,0.968
love blouse fit perfect wear small allowing extra room much ive worn multiple time legging boot well nice slack office always get compliment easy get wrinkle arrived using hand held steamer washed like dream washed cold water super low setting dryer ruching sleeve little tight arm bad wont wear blouse,0.103373016,1,0.92,0.968
olive czy golf pant amazing color unique add nice touch golf wardrobe theyre incredibly comfortable soft stretchy fabric move activity stay place perfectly whether im course practicing swing love theyre high quality yet much affordable bigname brand youre looking stylish functional golf pant wont break bank fantastic choice highly recommend,0.41625,1,0.92,0.968
good deal package undershirt regret followed size guide based chest got xl tall wanted tall stayed tucked honest probably could got lg tall length perfect xl sleeve opening bit wide roomy belly plan wearing sweatshirt mostly maybe crewneck sweater might shrink wash wasnt really worth returning opened something others consider,0.5,1,0.92,0.968
great fit along waist material nice flexible still bit thicker sideall theyre good shortsthey didnt tag behind poor quality looking black tag sewn make look cheaper come lee marketing dept give u clean look back noone going look people wear think man wish label could tell brand please ditch label,0.211111111,1,0.92,0.968
hold onto hat folk gildan men boxer multipacks total gamechanger didnt buy boxersi invested luxurious lifestyle legsfirst pattern chef kiss delightful mix plaid polka dot classic solid boxer scream ive got style even private moment like fivepiece art collection underwear drawerthe comfort world soft breathable fabric practically whisper sweet nothing skin day long whether youre running errand lounging couch living best life boxer back frontthe elastic waistband deserves award perfect combo snug flexiblelike supportive hug never overstays welcome plus dont ride youll feel like youre floating air matter day throw youpro tip comfy might tempted turn goto pajama short mean need separate sleepwear boxer goodin short gildan boxer transformed morning evening everything five star isnt enough fabric miracle favor grab pack two leg thank,0.269675926,1,0.919354839,0.967741935
beautiful highquality sherwani especially since cotton actually look bit navy pure black dark enough nighttime event need anywaythe problem stink high heaven specific smell stink like body odor india seriously laid room air min whole room stunk open balcony door air need pack suitcase soonif time hang sun day would ok still think quality make worth money god stink please something,0.11244898,1,0.918032787,0.967213115
agree many review shrinkage mine went xxl l washing thats fine plan itwhat didnt plan rd wash dry printing neck label would normally becoming dry stiff raised pokey shirt pick back neck cause irritation drive nut actually unfortunately time washed time past return date able cancel additional order set white shirt thoughthankfully black shirt expensive use ragsi red amazon essential tshirts thicker keep size issue lettering higher quality general dont know discrepancy,0.023669468,1,0.916666667,0.966666667
recently purchased coofandy men linen shirt pleased performance shirt incredibly light loosefitting making ideal hot weather linen fabric breathable comfortable keeping cool even warmest day versatile piece suitable casual outing beach trip summer weddingsone thing note sleeve slightly longer baggier personally prefer however doesnt detract much overall quality comfort shirt craftsmanship attention detail evident wellstitched button nice finishoverall shirt great addition summer wardrobe offering stylish comfortable option various occasion highly recommended,0.283859649,1,0.915492958,0.966197183
head run size top size smaller around stomachtheyre incredibly comfortable sizing definitely weirdi belly hate either choose tight fitting super loose fittingits like there middle groundi bought sole purpose wearing button ups sizing may work im scared wash dry shrink smidge tightvery tempted order size hate thatif update herethe color accuratethey stretch yet much tighter stretchthin breathableneckline perfect loose,0.058390568,1,0.915254237,0.966101695
pretty much said headline cotton good fabric jogger well made comfortable havent able find quality lady wear always polystuff nearly everything anyway like much gifted two pair nephew one pair niece second pair plan comfy coming cold weather female worry fashion embroidery flower butterfly lower leg feminizing thing enjoy even brand blue jogger lot polyester try may really like,0.203846154,1,0.915254237,0.966101695
first thing note fabric doesnt much spandex dont expect something stretchy usual skinny jean fit true size thicker fabric make wonderfully durable even preripped section color nice solid exactly shown pant comfortable also one thing keep mindthe topmost rip slightly higher bottom pocket pouch wear boxer boxer brief underwear show top rip mindful wear underneath overall great quality cost,0.316666667,1,0.915254237,0.966101695
brook glycerin goto sneaker year ive already professionally fitted time usually winner wasnt buying blind id squeezing last bit life faced decision going new marked due release comfort several running review guided ive got mile far love bonus point ultra bright color top notch reflective element fast shoe theyre great anyone looking neutral shoe thats comfortable enough long distance true premium running shoe good go straight box also work standing around work desk raised standing height keep comfortable choose stand hour two,0.202922078,1,0.914634146,0.965853659
yeah ive added pound went gaspsize im going tell much weigh dont want even speak loud apparently ive shrunk bit old age probably closer pretty sure need size sure length ive always ordered regular measured inseam crotch seam wherever want hit thought chart measurement little long side first time life ordered short perfect wear flat heel fabric nice sick yoga pant material price great ill ordering pair good work pant,0.18806391,1,0.914285714,0.965714286
im size pant ordered small fit well think cut underwear designed bigger guysmy pro survived washer running tally many clothes shredded seam definitely durable havent problem sweat also november ive worn gym fine fabric content doesnt vary across color mostly cotton theyre solid underwearmy con waistband high make fold band comfort might though leg rather tight sometimes bunch thigh first pair boxer brief though ive wearing nautica brief david archy trunk satisfied fit kinda weird butt sure describe comfortable like im wearing leotard something hold everything place thoughoverall decent product favorite underwear probably fit better bigger guy may leave back drawer got pack around october,0.194365079,1,0.914285714,0.965714286
bought short several color theyve quickly become goto workout length perfectnot short long fabric lightweight quickdrying feel great intense session love linerless design better breathability freedom movementthe pocket great feature deep enough hold phone securely without bouncing around fit true size elastic waistband drawstring ensures stay place great value price highly recommended anyone needing comfortable functional workout short,0.294385965,1,0.913793103,0.965517241
run small usually length short pregnant foot swollen believe swollen maybe could fit barley room spare also material sandal comfortable feel cushion support top bit rough plus actual material go toe super harsh im sure end causing burn markbut hey want pay lower guess decent sandal know get pay forupdate exchange bigger size size nd photo literally difference,0.130952381,1,0.913793103,0.965517241
ive usually good luck buying clothes amazon might disappointed ive purchase always wear medium short fit like size big read review said shrink dryed didnt shrink plus really stylish opinion little leather patch make sense fabric lightweight would liked little substance draw string way long either hang front tuck sight maybe returned got smaller size washing totally probably either stay stored away never see light day use yardwork short,0.101785714,1,0.913043478,0.965217391
youre searching tracksuit wear regularly strongly suggest looking elsewhere collar around wrist ankle uncomfortably chunky overall quality leatherette type print missed image poor polyester super hot breathable admittedly didnt think needed review fabric content tracksuit prior ordering mistakeoverall ill never wear least fit expected dont dummy like research even drawstring terrible open mfg anyone message question product mfg really consider removing item lineup speak product certainly dont plan ordering,-0.064603175,1,0.913043478,0.965217391
bought hanes boxer brief teenage son great choice fit perfectnot tight loosejust right amount stretch allday comfort he active stay place without riding feeling restrictive huge plusthe fabric soft breathable moisturewicking making perfect everyday wear sport lounging around even multiple wash hold shape well dont shrink something always look quality underwear waistband comfortable doesnt dig annoying tag deal son love wearing themanother thing appreciate durabilitythe stitching strong there fading pilling even frequent washing pack come multiple pair making affordable practical option stocking upif youre looking comfortable longlasting wellfitting boxer brief son highly recommend hanes theyre highquality reliable worth every penny ill definitely purchasing,0.144464286,1,0.912621359,0.965048544
got day got pair prada sneakerboot cross designer like ex texting even look nice inviting probably lie youll regret spending night next morning hand adidas comfortable shoe arent clunky super heavy feel almost gellike first time wearing im currently second flight break needed also youre half size size im know eu sizing im true fit like glove,0.178787879,1,0.912280702,0.964912281
cute pas needed onesies long sleeve since keep cold house baby hate cold shes approx long short torso lb mo size fit little room grow without baggy loosethere three snap around diaper area plenty stretchy fabric go around leg diaper cloth print soft cute wash dry quickly material lightweight thick enough hold warmthplus cant beat price pack,-0.054722222,1,0.912280702,0.964912281
really impressed men running jogger fit perfectsnug tightand provide great freedom movement making ideal running casual wear fabric lightweight breathable moisturewicking keeping comfortable workout also love stylish design fact convenient pocket small item like key phone theyre soft skin elastic waistband ensures secure fit without restrictive overall jogger functional stylish highly recommend anyone looking highquality athletic wear,0.331875,1,0.912280702,0.964912281
adidas men adi advantage golf short like wearing cloud softness comfort chart making perfect hot weather staying cool essential find bit longer id prefer grazing knee minor tradeoff comfortthey might slightly looser waist usual enough affect overall fit short ideal semidressy summer wearlightweight breathable still feeling like theyre built last perfect golfing lounging theyre new goto short,0.209982175,1,0.912280702,0.964912281
racer tr sneaker fit perfectly like glove incredibly comfortable made durable material additionally attractive design worn making stand outthese shoe ideal everyday activity going supermarket taking walk partner simply walking around city however looking pair sneaker specifically running gym would best choicein summary racer tr sneaker excellent option daily use exceptional durability comfort suitable intense sport activity,0.516666667,1,0.912280702,0.964912281
love blouse color bit light burgundy star however nice color deeply applied purchased large color size large foot lb small c blouse fit perfectly wave stitching lovelyit came undamaged hole loose thread material moderately soft fabric weight good heavy seethrough either garment slight stretch drape nicely hip wider bottom topsize drapethe style lovely wave cap sleeve really flattering look classy trashydressed hope helped decide next blouse happy holiday,0.281749084,1,0.911764706,0.964705882
first short true size extremely comfortable binding stitching look good snag material integrated grippers inside waistband help keep tucked shirt place small pocket inside right front pocket small shallow really serve purpose concerned zipper although work fine fine nylon experience tend hold well post update month two weari got pair amazon limited deal well worth money,0.17244898,1,0.910714286,0.964285714
polo shirt perfect school uniform fabric soft breathable hold well multiple wash stitching strong fit right tight loosethe color stay vibrant even repeated washing material shrink lose shape easy use everyday wear child find comfortable long school daysthis product offer great value money excellent functionality easy use need durable stylish school polo fantastic choice highly recommend,0.337989418,1,0.910714286,0.964285714
wanted take moment express sincere appreciation remarkable shirt recently purchased store manager restaurant texas heat quite intense finding clothing offer coolness comfort essentiali bought particular shirt intention server wear must say truly exceeded expectation versatility freedom movement shirt provides remarkable allowing staff work efficiently without feeling restrictedmoreover fact shirt fit true size huge relief ensures professional polished look employee fact pleased quality functionality shirt made multiple repurchase ensure server one wardrobei would like extend gratitude team creating fantastic product attention detail commitment providing highquality apparel gone unnoticed rare find garment combine style comfort practicality seamlessly truly grateful come across brand,0.294791667,1,0.91,0.964
new balance men v casual comfort cross trainer offer excellent comfort support cushioning great allday wear breathable upper keep foot cool even extended use fit true size shoe provides good arch support important workout casual wearthe design simple yet stylish theyre versatile enough wear different outfit whether youre using light training walking everyday activity trainer job well highly recommend anyone looking comfortable supportive shoe variety us,0.233160173,1,0.909090909,0.963636364
got dad four pair wrangler cargo short christmas absolutely love quality fantasticdurable comfortable built last fit perfectly say theyre exactly looking forhe work outdoors lot short ideal theyre breathable tough enough handle hard day work plus extra pocket super handy tool odds end definitely great buyid highly recommend anyone work hard need reliable functional clothing,0.242839506,1,0.909090909,0.963636364
live area climate thats generally pretty warm winter month get bit chilly especially morning got son wear school stylish well constructed soft comfortable well puttogether warm enough handle degree morning without feeling overly hot degree afternoon far fitting concerned seems right judging fit rest clothes doesnt ride look baggy price excellent high quality stylish outfit,0.287893218,1,0.909090909,0.963636364
im happy dress look like photo quality great gift brotherinlaw fabric feel nice stitching quite neat fit perfectly say really feel comfortable wear design crazy elegant making something wear feel good impressed dress ive already placed another order shop brother friend mine youre looking authentic wellmade indian wear use state would highly recommend brand seller,0.496923077,1,0.909090909,0.963636364
finding perfect pair underwear like finding unicornrare magical lifechanging enter gildans covered waistband boxer brief bad boy mvp underwear drawer offering snug nowedgie fit feel like cozy hug nether region covered waistband gamechanger ditching elastic torture soft fabric wont dig skinthe multipack win anyone who ever panicked laundry day durability mean theyll survive countless wash without losing shape sure theyre flashy neon print might feel tad tight first break theyre pure comfort dont expect gymreadythese lounging sweating,0.135825893,1,0.909090909,0.963636364
appreciate fact extending elastic band automatically extends make sure pant fit better way fit quite flattering got pretty good wearability would pas minimum scale id say good value money last minute youre really looking pant cant find right size store especially since department store kind hit miss dont time go one general definitely hit mark,0.32755102,1,0.909090909,0.963636364
ordered pant son lb nothing short perfect length right roomy fit love play basketball needed something comfortable weather pant deliver material feel great quality impressive priceone best feature deep side pocket zipper securely hold phone wallet airpods got xl extra room thigh leg he really happy fit youre looking comfortable wellfitting athletic pant great choice,0.511607143,1,0.909090909,0.963636364
recently bought acvasen men bomber jacket quickly become goto piece wardrobe look great standup collar stylish design also incredibly comfortable ribbed cuff hem make snug windresistant fit thats perfect chilly day warm orange polyester lining add surprising pop color insulation fall winterone thing love practicality jacket multiple pocket two zippered pocket front roomy enough glove wallet pencil pocket sleeve thats nice touch even inner pocket keep phone secure versatile enough casual outing business trip outdoor activity like hiking cycling anyone looking mix warmth style functionality bomber jacket spot,0.285185185,1,0.909090909,0.963636364
short nice soft stretchy breathable material good fit elastic waist band feel good pocket snap good high quality around drawstring first pair way long untied end drop leg almost knee product image show shorter string like end covered heatformed plastic big deal comfortable probably purchasing jogger pant company also,0.33,0.98,0.93877551,0.963510204
give star relatively lightweight pullover sweatshirt nothing fancy soft havent seen pilling couple wash arent heavy duty sweatshirt would get higher price bought three various color wear layering layering purpose fit close snug overly tight could gone one size larger unless wearing anything long sleeve tee think fit expected,0.056493506,0.98,0.93877551,0.963510204
look great seam solid warm comfortable exception fit perfectlyi wish room backside im overweight normally think call long back there extra room butt ive got waistband appropriate position inseam right undercarriage complaint string tie waistband really thin question long lasti fence returning something might better good enough avoid hassle,0.207983193,0.98,0.93877551,0.963510204
absolutely love casual womens shirt color gorgeousexactly pictured really flattering fabric soft lightweight breathable making perfect everyday wearthe fit rightnot tight looseand look great whether wear tucked left plus hold well washing without fading losing shapethe quality fantastic price youre looking stylish comfy shirt beautiful color one great pick,0.333673469,0.98,0.93877551,0.963510204
washed worn stitching one cuff already fraying fabric isnt soft comfortable aesthetically appealing howeverupdate consideration upped rating star fabric softened washing fraying ceased actually really love pant think appear flattering wish material like adidas essential jogger pick lot lint require lintroller satisfied purchase would purchase pair sale nice discount,0.371428571,0.98,0.93877551,0.963510204
absolutely love onesies however run little small im especially concerned putting baby right leg leg hole since fabric isnt stretchyi worry might uncomfortable started using day old slightly long first fit well overall day old cm kg still fit comfortably there enough room body well sleeve leg think theyll last weather warms also color even prettier person favorite striped oneits adorable warm soft bit waterproof,0.157410714,1,0.907692308,0.963076923
shirt nice soft fabric fit well flattering particularly around neckline ok quality really like sleeve nice design touch dress shirt little make funi little disappointed color expected maroon wine red based pic think would liked bit deeper richer winter color dont get wrong color absolutely beautiful compliment skin tone nicely doesnt work quite outfit mind ordered itstill happy highly recommend good value money well spent,0.222583333,1,0.907692308,0.963076923
lee jean post washi pleased happy purchase received one daythey came wrapped sealed clear plastic bag new tag came right shelf storeoverall pricing comparable local storesthe size fit fine review mention size length realize everyone wear clothing differently may comfort way like cloth fitting themi feel x right look feel good comfortable would purchase,0.348035298,1,0.907407407,0.962962963
absolutely love pant pair point super comfortable soft pantsthey looser fit pant personally like much im lb ordered inseam guess larger hipthigh area wear normal pant tight crotch perfect provide day comfort office pair previously noticed slight shrinkage weirdly inseam time im going extra careful use recommended washing setting shoulda done anywaysi highly recommend,0.125378151,1,0.907407407,0.962962963
true size husband slim athletic build medium fit like tailored shirt im impressedit packaged well wee bit wrinkled upon arrival expectedwashed according label instruction cold gentle cycle ecos liquid laundry detergent dried soft towel low heat minutesit wrinkle free gorgeous took dryer wowi cant express much hate ironing unless spend min per week ironing dress shirt sunday minute hour per year still wont look perfect shirt ironingmy husband look awesome shirt much quickly purchased another also didnt think button hole weird review mentionedgreat value nicely priced,0.198888889,1,0.906976744,0.962790698
absolutely love jeggings super comfortable made thick highquality material feel durable soft someone cm tall often struggle find pant fit well fit perfectlytheyre ideal length shapethe highwaisted design fit flattering stay place throughout day making perfect casual wear dressing youre looking comfortable stylish jeggings pocket actually fit petite frame great choice good price,0.402083333,1,0.905660377,0.962264151
well made short made china abit small size imlb foot ordered large size first arrived right away tight smallgo one size make sure fitno problem getting return new sizethis second review wanted add short elastic waistband two pocket front back zipper draw string dont need belthaving worn day say extra large good fit,0.151471861,1,0.905660377,0.962264151
hunt pair pant wear gym wintersomething would keep warm still comfortable enough move freely especially lunge dynamic exercise ive always loyal armour kind gear wanted try something different already owned couple pair short brand felt fantastic high expectation pant im happy say absolutely exceeded themthe fit true size pant provide incredible flexibility making perfect variety workout impressed ended ordering two pair different color fabric soft breathable doesnt annoying static cling jogger tend get whether im running hitting leg day crossfit wods relaxing rest day pant perfect goto youre looking comfort mobility style one highly recommend,0.337638889,1,0.905263158,0.962105263
impressed price point picked pack black friday sale piece honestly last year ill thrilled he wearing month would say theyre holding really good inexpensive boxerswe would consider short true size husband say elastic waste comfortable material soft thick enough ordered dark gray set plenty coverage cant see elastic waste inseams give ingrown hair plus make husband butt look great would recommend giving try,0.152083333,1,0.904761905,0.961904762
jean much nicer expected medium weight denim good quality usually wear size opted size p always hard ordering jean online waist little big stretchy comfortable love way look put belt waist fit perfect problem solved reference im lb ordered petite sure thats received jean hit right ankle look great loafer doc martin converse even sandal kitten heel highly recommend jean ill definitely buying,0.212738095,1,0.904761905,0.961904762
adidas womens kaptir flow sneaker designed casual wear light activity here review highlighting pro consproscomfortable fit cloudfoam midsole provides soft cushioned feel making comfortable everyday wearstylish design available various color feature sleek modern look pair well casual outfitsbreathable material mesh upper promotes airflow keeping foot cool wearconslimited support ideal serious running highimpact activity due insufficient cushioning arch supportsnug entry shoe opening tight making difficult put initiallydurability concern user report issue mesh tearing month useoverall kaptir flow great casual outing may meet need serious athlete,0.038988095,1,0.904761905,0.961904762
hanes men athletic short fantastic addition workout wardrobe theyre incredibly comfortable thanks breathable cotton jersey fabric feel soft skin loose spacious fit allows unrestricted movement making ideal gym session casual lounging also great job absorbing moisture workout helping keep cool dry however keep mind choose gray color sweat noticeable might factor buyer overall short practical lightweight great value everyday wear exercise material quality good good use pajamasrating minus half point sweat visibility gray,0.23046398,1,0.904109589,0.961643836
im impressed underwear recently purchased material incredibly soft breathable making perfect everyday wear husband sensitive skin he issue irritation discomfort fit spot comfortable supportive without tight constricting love modern sleek design ive received many compliment great looksthe quality exceptional price reasonable ive already ordered he worn nonstop since getting stitching solid fabric hold well repeated washing ive tried brand handsdown best youre looking comfortable stylish affordable underwear husband look star happy husband ask,0.413718821,1,0.904109589,0.961643836
interesting sleeve tshirt went color c blue size xxlarge reference im year old height weight lb measurement bust waist hip could gone xlarge wanted extra room make adjustment fitthe fabric shirt lightweight stretchy horizontal fairly soft softness scale would give bothered sensitive skin washer dryer left dryer overnight folded day got review say hold wrinkle would work traveling shrink bleed color laundering pick excess lint tiny bit twisting sure even enough would noticed real issue stitching pleating always tied back stitched kind odd least long enough look like maternity shirt small v neckline lay flat dont find issue otherwise construction seems fine basic done sergeroverall fairly happy feel worth taking time make adjustment fitpeacei generally get thing oversized comfort also incase need sewing adjustment shirt,0.119791667,1,0.904,0.9616
im lb ordered size medium didnt want feel like compression dress lovely flattering mini dress without short back dressed neckline fit especially flattering smaller chest hard come thing say leg smaller torso dress naturally ruches around waist similar aware may happen still look beautiful material thick breathable smoothed bump overall great dress,0.153888889,1,0.903846154,0.961538462
really like tank top little dressier side worn casually well im usually large large fit great bust waist hip size dd material opaque would consider formal tee shirt woven fabric kind like fabric version crepe paper make sense wear blazer color shown liked much bought color one shown crease bag come wash,0.276461039,1,0.903846154,0.961538462
pant comfortable stylish theyre perfect summer outing want dress bit sweltering sun unfortunately craftsmanship left much desired one button came free wash yet wear two minute took try discovered hole one pocket happen skill fix button pocket would take far less time would bother return certainly ideal absent issue review would star,0.283333333,1,0.903846154,0.961538462
recently purchased pair reebok white tennis shoe amazon couldnt happier choice shoe quickly become everyday favorite due exceptional comfort timeless stylecomfort cushioning provides excellent support making ideal allday wear whether im running errand taking casual stroll foot feel great throughout daystyle classic white design pair effortlessly various outfit adding clean versatile look wardrobe ive received numerous compliment sleek appearancedurability despite frequent use quality remains impressive material used sturdy construction solid indicating shoe built lastoverall reebok white tennis shoe exceeded expectation offer perfect blend comfort style durability highly recommend anyone seeking reliable fashionable footwear,0.280378788,1,0.903225806,0.961290323
im professional performer work inside outside variety venue including upscale one like country club bought pant wear working summer liked first pair much got back ordered two one thing liked right away fit little modern used slimmer make pant look great fabric light stretchy extremely comfortable plasticy idea couple reviewer got pocket good suspect last long time goto im glad found pant,0.288789683,1,0.903225806,0.961290323
given option going specialty store paying high price large tall men v option order short affordable price reason purchase received short couldnt believe quality fit short lot pocket carry wallet phone key along stuff worry anything falling pocket many color choose plenty stretch make move depending live worn year round thin,0.073695396,1,0.901960784,0.960784314
hand comfortable gym short ive ever worked theyre lightweight breathable great fit plenty room frontno awkward bunching tightness shorter cut perfect like freedom movement without excess fabric theyre true size plus theyre much cheaper namebrand option honestly fit better many ive tried highly recommend anyone looking quality workout gear great price,0.377692308,1,0.901960784,0.960784314
lee jean feel fit like year ago high school ultra skinny jean bit tapered leg look like wearing depends seat rotate pair week work color doesnt fade yet imagine dip back pocket might get ring true size always look great throw sport jacket saturday night pretty much event suit reason spend fake imported trendy brand name material feel like dad jean,0.251111111,1,0.901639344,0.960655738
im lb cd tatas kinda big hip bought large fit perfectly may flattering thing wish event wear head turner sure however gave star smelled soooo bad arrived wash time foofy smelling detergent scent booster mostly gone still sprayed febreeze hanging front open window bad couldnt wear without multiple wash perfume couldnt cover smell order sure dont plan able wear right away,0.192307692,1,0.901639344,0.960655738
absolutely love simple joy carter baby pack snapup romper quality fantasticsoft fabric thats gentle baby delicate skin hold really well multiple wash design cute resist grey stripe red mini stripe white sailboat make perfect combo playful classic baby seems love much tell get extra giggly put romper stylish theyre also practical easy snap making dressing breeze highly recommend pack comfort cuteness,0.253157895,1,0.901639344,0.960655738
gerber baby girl footed pajama good buy need extra jammies come quirk theyre comfortable easy zip material isnt warm work well keeping little one cozy overheatedhowever fit bit offthe leg quite long butt area tight especially baby wear cloth diaper run little big overall give room grow snug fit around bottom might make challenge still theyre nice option extra pajama rotation,0.16057423,1,0.901639344,0.960655738
one single complaint shoe thats marker mark back heel shouldnt said im keep sneaker pristine condition gal get shoe wear sneak cute love feel color nice creamy white feel good price point given many sneaker pricey day using ton lot versatility walking dressing dress summer think easy clean super comfortable use would say true size seen people say run half size small generally wear men sneaker depending brand ordered womens perfect,0.27473545,1,0.901408451,0.96056338
durability shoe different level first ordered arrived felt like slipped easy even though right size needed tied even whole marching season daily use walking still hold amazingly shoe supply good arch support suitable marching band also comfy breathable honestly plus shoe cute whenever time come new shoe definitely repurchasing model,0.327339327,1,0.9,0.96
arrived zippered plastic bag without foul odor serious wrinkle color pattern match online picture sizing accurate fabricmaterial thinner side soft doesnt wrinkle easily top loose fit cling isnt baggy sloppy looking top doesnt hold body heat washed washer regular cycle cold water dryed medium heat dryer almost dry hung finish drying shrinking wrinkling occured get compliment time wear whether dress wear jean cardigan top versatile staple wardrobe plan buy color,0.075534188,1,0.9,0.96
ive purchased several nautica product retail store never disappointed however like slim fit design tight especially thigh material paper thin unlike nautica product ive ever suspect boxer well lot clothes one didnt pas quality control manufacturer dumping knowing people dont bother hassle return happened several brand clothing return slip printed,0.028061224,1,0.9,0.96
vilocy men casual dress sneaker great church occasion man need slightly dressier look without sacrificing comfort strike perfect balance casual formal breathable mesh design keep comfortable extended wear color gorgeous adding touch sophisticationtheyre nice little amount offering great style comfort without breaking bank versatile option work well business casual setting,0.222348485,1,0.9,0.96
wash well come wrinkle free soft inside fit amazingly snug enough fu action loose enough dont worry showing curve body dont like color perfect style didnt fade wash extremely flattering someone baby little year ago light weight still warm enough wear chili day without jacket ill likely ordering different color,0.159445701,1,0.9,0.96
romper deserve full star great quality true size easy im personally big fan button son age month gtube button make easy hide connect feed also nice one article clothing whole outfit yes know bodysuitsonesies thing use something romper feel dressed upcompared brand carter favorite wash well hold well button strongsecure,0.407407407,1,0.9,0.96
bought dress wear wedding absolutely love versatile dress heeled boot chic look keep classy sandal relaxed style anytime need dress goto dressthe quality fantastic love flattering im definitely planning buy couple different color thing adjust top im smallchested showed little much comfort super simple fix pin worked perfectlyoverall highly recommend dress youre looking something stylish versatile comfortable total win wardrobe,0.262864583,1,0.9,0.96
good deal shirt expecting lower quality price shirt awesome husband wear go golfing lightweight dont get stinky even soaked rain sweat florida quality acceptable need iron mostly wrinkle free size true size weve washing lot already retained color elasticity definitely good washability wearability overall super pleased already ordered another set,0.498148148,1,0.9,0.96
ive using champion athletic short several month primarily morning elliptical workout quickly become goto short fit true size love loosefitting without feeling baggy lightweight fabric incredibly comfortable breathable perfect intense cardio session plus double dry technology really work wonder keeping dry comfortable throughout workoutsone favorite feature side pocket perfect holding key essential elastic drawcord waistband allows custom fit despite numerous wash short show little sign wear speaks durability iconic c logo patch hem nice touch adding bit style overall highly recommend short anyone looking comfort functionality durability workout gear,0.242155172,1,0.898876404,0.959550562
ive bought short brand high expectation cotton pant hoping theyd comfortable appreciate soft lightweight material ideal lounging home casual outing pant fit frame well dont feel restrictive great daily wearhowever couple issue first pant strong chemical smell upon arrival unpleasant faded washing also noticed surprising size difference black blue pair size likely due variation production lastly fine casual wear may hold active use material feel bit thin highimpact activitiesoverall pant good daily comfort aware potential sizing inconsistency three star,0.1214,1,0.898734177,0.959493671
im lb hard time finding shirt fit tried month ago like much ordered another set soft feel great skin cover belly even raising arm there riding bending twisting plumber crack lol follow wash dry instruction issue shrinking color fading favorite shirt like variety color going manufacture size chart shirt spot ill likely order another soon hope review help fellow bigger guy get little frustrated big tall size chart accurate,0.096944444,1,0.898550725,0.95942029
recently purchased simple joy carter babygirls piece set set twin couldnt happier collection adorable also incredibly practical variety outfit included perfect mixing matching allowing endless styling optionsthe quality outstandingthe fabric soft gentle color pattern vibrant fun making set little one look even cuteri appreciate thoughtful design detail like easy snap closure stretchy neckline make dressing breeze youre looking stylish comfortable clothing baby highly recommend simple joy carter piece set,0.334078947,1,0.898550725,0.95942029
men short sleeve polo shirt fantastic fabric soft breathable making super comfortable wear day whether im work casual weekend fit true size look sharp without tight loose love versatileeasy dress chino keep casual jean quality feel high doesnt lose shape washing solid choice guy looking comfy stylish polo,0.110177427,0.96,0.958333333,0.959333333
stout dude make feel confident arent snug around mid section hug nicely around arm chestgreat casual wear gymi ended buy two set various colorsoh yeah spilt coffee light grey one stain washed nicely enough really got stair find iti cold dry medium high heat fancy detergent noticed shrinking,0.053611111,0.96,0.958333333,0.959333333
automet womens tshirt definitely soft comfortable didnt quite live stylish look photo fit isnt tailored design doesnt crisp cool vibe hoping also got tan color didnt flatter blonde blue eyesit felt bit dull cozy casual wear cute polished expected quality pretty decent though maybe different color would work,0.115374332,0.96,0.958333333,0.959333333
got maoyssen men ski jacket ski trip like much im wearing daily jacket warm waterproof excellent job keeping dry snow rain wellmade nice snug fit still allows movement slope windbreaker feature great chilly mountain wind plenty pocket storage highly recommend anyone love skiing snowboarding need reliable winter jackect,0.326666667,0.96,0.958333333,0.959333333
athletic short lightweight breathable great workout lounging material dry quickly feel comfortable making solid choice gym casual wear however run bigid recommend sizing prefer fitted look pocket nice feature looser fit heavier item like phone might bounce around running overall decent pair short good quality keep sizing mind,0.217948718,0.96,0.958333333,0.959333333
great value full useable top thats also really stylish originally wear sm everything even though stretchy got large fit like medium there nothing dont like top nice shorter length still long enough could tuck think would look good anything could dress easily ive got black white thinking getting dusty pink color still great price offered navyarrived time packaged well,0.303108466,1,0.898305085,0.959322034
pleasantly surprised many compliment extremely flattering soft material length appropriate funeral pocket arent bulky make hip look bigger extremely nervous yet luck clothes amazon paired heel simple necklace im c ordered xl accommodate large bust smaller waist fortunately waist didnt hang bust look like tent actually accentuated waist ill probably take little waist band cinch bit thats personal preference,0.058452381,1,0.898305085,0.959322034
trendy striped top exactly shown photo material good quality machine washable washed top using warm water delicate cycle laid flat dry sleeve puffed puffy stood shown photo lb bought size medium perfect fit cut flattering tight close fitting midsection across chest fabric fairly lightweight similar light sweater material would comfortable warm weather blue stripe royal blue leaning towards purple,0.328988095,1,0.898305085,0.959322034
